<application>
  <component name="FeatureSuggesterSettings">
    <option name="workingDays">
      <list>
        <option value="1651735695984" />
        <option value="1652288020123" />
        <option value="1652878415437" />
        <option value="1652926204459" />
        <option value="1652979321987" />
        <option value="1653272008105" />
        <option value="1653329561452" />
        <option value="1653418499280" />
        <option value="1653531791323" />
        <option value="1653617962704" />
        <option value="1653880793069" />
        <option value="1653963580225" />
        <option value="1654049808807" />
        <option value="1654133838854" />
        <option value="1654460170506" />
        <option value="1654532142849" />
        <option value="1654656374180" />
        <option value="1654742835932" />
        <option value="1654831175687" />
        <option value="1655085416967" />
        <option value="1655172830605" />
        <option value="1655259522182" />
        <option value="1655346499667" />
        <option value="1655432473308" />
        <option value="1655692270306" />
        <option value="1655777969221" />
        <option value="1655883117285" />
      </list>
    </option>
  </component>
</application>